Network,Nodes (n),Edges (m),Edge Density,Mean Local Clustering,Global Clustering,Mean Degree,Max Degree
Caltech,762,16651,0.05742892519512591,0.4091173048334612,0.2912809635141533,43.70341207349082,248
MIT,6402,251230,0.012261341741110527,0.27235999658838644,0.1802884023054581,78.48484848484848,708
Johns Hopkins,5157,186572,0.0140335136902954,0.26900836180589566,0.19316115952994883,72.35679658716307,886
