,size,degree,student_fac,gender,major,dorm,year,high_school
count,100.0,100.0,100.0,100.0,100.0,100.0,100.0,100.0
mean,12070.38,0.0626092414953715,0.3232770834112748,0.053250832313210525,0.05550156292141252,0.2266919744222777,0.43072258778473566,0.06163408161109245
std,9067.15798889352,0.052864738284487296,0.0924750449361097,0.05090169860308319,0.021387143528246243,0.0856719671135256,0.08129302498730816,0.05875328227426858
min,762.0,-0.06617072568577184,0.11024354478982251,-0.09224275567108435,0.03040470033925192,0.07938989420660876,0.24824522610976243,0.0021083494976673754
25%,4441.5,0.025177915353939727,0.25640430121551827,0.020823510857016125,0.04201923555504265,0.16982850733216315,0.3744796922979293,0.016227503463649463
50%,9943.0,0.0646818742890711,0.3165059858860927,0.05503839522002511,0.05029801018816861,0.2213076913485027,0.4358299473115287,0.030387324587724425
75%,17027.25,0.09285405674960004,0.3952496102437082,0.09194018102635444,0.06022307835083493,0.2730181901545736,0.4949554209057181,0.09816230530517622
max,41536.0,0.19687582879277638,0.5427689781929226,0.24611964913119913,0.15092610250617058,0.4846321590347197,0.6528442802419665,0.21164969677616394
